[
  {
    "constant": true,
    "inputs": [],
    "name": "name",
    "outputs": [{"name": "", "type": "string"}],
    "type": "function"
  },
  {
    "constant": true,
    "inputs": [],
    "name": "symbol",
    "outputs": [{"name": "", "type": "string"}],
    "type": "function"
  },
  {
    "constant": true,
    "inputs": [],
    "name": "decimals",
    "outputs": [{"name": "", "type": "uint8"}],
    "type": "function"
  },
  {
    "constant": true,
    "inputs": [{"name": "_owner", "type": "address"}],
    "name": "balanceOf",
    "outputs": [{"name": "balance", "type": "uint256"}],
    "type": "function"
  }
]